<?xml version="1.0" encoding="utf-8"?>
<extension version="2.5" type="plugin" group="content">
	<name>Content - Openstreetmaps</name>
	<author>BUDDHIMA</author>
	<creationDate>June 2012</creationDate>
	<copyright>Copyright (C) 2005 - 2012 Open Source Matters. All rights reserved.</copyright>
	<license>GNU General Public License version 2 or later; see LICENSE.txt</license>
	<authorEmail>buddhimawijeweera@gmail.com</authorEmail>
	<authorUrl>www.buddhimawijeweera.wordpress.com</authorUrl>
	<version>1.0.0</version>
	<description>PLG_OSM_XML_DESCRIPTION</description>
	<files>
		<filename plugin="openstreetmaps">openstreetmaps.php</filename>
		<filename>index.html</filename>
	</files>
</extension>
